athlete,partner,activity_type,amount,from_mbr,to_mbr
51805378,1010986,Virtual Ride,1,"-11.654724,166.935567","-11.663628,166.971654"
7082608,1010986,Virtual Ride,1,"-11.654724,166.935567","-21.7449,166.148255"
37126638,10536800,Run,1,"50.99653,8.112518","28.562882,77.028811"
39487043,10536800,Run,1,"50.99653,8.112518","23.059105,72.68815"
7429518,10579852,Race,1,"52.050803,1.162824","47.128541,0.690571"
850495,1059089,Ride,1,"47.259093,8.759999","45.6763,13.333164"
14167173,10713303,Ride,133,"-17.90795,-40.349699","-17.90795,-40.34974"
14167173,10713303,Walk,1,"-17.90795,-40.349699","-17.90795,-40.34974"
19057907,10713303,Ride,1,"-17.90795,-40.349699","-17.906421,-41.837622"
22921506,10713303,Ride,13,"-17.90795,-40.349699","-17.852146,-40.403852"
18486849,10776847,Ride,1,"51.400699,-0.34269","-8.099836,-34.892005"
25188939,10776847,Ride,1,"51.400699,-0.34269","28.58694,77.189708"
37548888,10776847,Ride,1,"51.400699,-0.34269","40.750256,-73.985473"
44960332,10776847,Ride,1,"51.400699,-0.34269","5.563518,-0.165915"
63144272,10776847,Ride,1,"51.400699,-0.34269","40.767138,-73.980198"
7546761,10882364,Workout,2,"-13.666665,-57.894007","-13.78517,-57.90881"
4479814,10914282,Virtual Ride,1,"-11.663638,166.9724","-11.66363,166.935571"
12003801,11074442,Ride,1,"-11.855893,-55.709321","-13.043168,-55.258904"
4538155,11470899,Virtual Ride,1,"53.974864,-1.592987","-11.692991,166.925024"
48753153,11495383,Ride,1,"30.209768,74.658014","30.201462,74.896148"
49615879,11495383,Run,1,"30.209768,74.658014","30.257228,75.226891"
1802727,1158227,Ride,1,"46.534864,6.956806","48.179801,13.97666"
850495,1158227,Ride,1,"46.534864,6.956806","45.6763,13.333164"
10282679,1213507,Virtual Ride,1,"-11.673624,166.935539","-11.64727,166.935521"
1428169,1216273,Ride,3,"-11.692993,166.95779","47.422128,9.097119"
1636003,1216273,Ride,2,"-11.692993,166.95779","53.297054,-2.107143"
197359,1216273,Race,3,"-11.692993,166.95779","43.701467,7.322454"
197359,1216273,Ride,1,"-11.692993,166.95779","43.701467,7.322454"
287820,1216273,Ride,24,"-11.692993,166.95779","50.965598,3.88194"
850495,1216273,Ride,4,"-11.692993,166.95779","45.6763,13.333164"
16897653,12731156,Run,1,"-20.717059,-50.232792","41.484171,-74.175103"
18687731,13017516,Ride,2,"-10.93276,-40.134693","-11.387395,-40.433104"
42728766,13312374,Ride,1,"-21.720489,-46.902261","-22.143949,-51.498484"
41905668,13438666,Ride-Commute,1,"28.537731,77.204319","28.481809,77.090442"
183769,13569007,Virtual Ride,1,"-21.744884,166.148257","51.474359,-0.164143"
4384646,13569007,Virtual Ride,1,"-21.744884,166.148257","45.386512,11.151029"
19502642,13908639,Virtual Ride,1,"42.134873,-87.846197","-21.74492,166.14821"
3776487,13908639,Virtual Ride,1,"42.134873,-87.846197","51.484956,-0.164131"
183769,1393263,Virtual Ride,2,"51.683055,-3.086403","51.474359,-0.164143"
566272,1393263,Ride,5,"51.683055,-3.086403","51.523531,-3.157154"
566272,1393263,Virtual Ride,1,"51.683055,-3.086403","51.523531,-3.157154"
33529815,14001473,Run,2,"23.015468,72.448514","23.034763,72.469618"
10713303,14167173,Ride,134,"-17.90795,-40.34974","-17.90795,-40.349699"
10713303,14167173,Walk,2,"-17.90795,-40.34974","-17.90795,-40.349699"
19057907,14167173,Ride,1,"-17.90795,-40.34974","-17.906421,-41.837622"
22921506,14167173,Ride,17,"-17.90795,-40.34974","-17.852146,-40.403852"
1216273,1428169,Race,3,"47.422128,9.097119","-11.692993,166.95779"
1802727,1428169,Ride,2,"47.422128,9.097119","48.179801,13.97666"
3776487,1428169,Virtual Ride,1,"47.422128,9.097119","51.484956,-0.164131"
28412019,14515442,Ride,69,"-16.177279,-42.314699","-16.177293,-42.29793"
28412019,14515442,Ride-Commute,5,"-16.177279,-42.314699","-16.177293,-42.29793"
28412019,14515442,Walk,1,"-16.177279,-42.314699","-16.177293,-42.29793"
20600440,14538785,Run,1,"36.621359,127.452949","5.948996,116.048029"
63342021,14538785,Run,1,"36.621359,127.452949","10.412501,76.075204"
67856270,14538785,Run,1,"36.621359,127.452949","26.901843,75.665524"
850495,1477639,Ride,1,"46.062195,-1.10098","45.6763,13.333164"
6858886,14822117,Virtual Ride,1,"-7.874445,113.228892","-22.315689,-53.89198"
17838364,15173662,Ride,1,"44.426755,10.668582","-6.631342,106.904215"
43811851,15173662,Ride,1,"44.426755,10.668582","13.626302,79.386497"
53754543,15173662,Ride,1,"44.426755,10.668582","23.859666,90.401574"
59765555,15173662,Ride,1,"44.426755,10.668582","49.034776,12.520106"
63144272,15173662,Ride,1,"44.426755,10.668582","40.767138,-73.980198"
65252512,15173662,Ride,1,"44.426755,10.668582","41.35863,2.03545"
8770809,15596297,Ride,1,"-5.935669,-36.610671","-21.8529,-46.578383"
42728766,16016790,Ride,2,"-20.533995,-47.447561","-22.143949,-51.498484"
1216273,1636003,Race,1,"53.297054,-2.107143","-11.692993,166.95779"
287820,1636003,Ride,2,"53.297054,-2.107143","50.965598,3.88194"
850495,1636003,Ride,1,"53.297054,-2.107143","45.6763,13.333164"
36210480,16837710,Ride,1,"-21.771669,-48.26836","26.193558,78.148526"
36210480,16837710,Workout,3,"-21.771669,-48.26836","26.193558,78.148526"
12731156,16897653,Run,1,"41.484171,-74.175103","-20.717059,-50.232792"
17838364,17276725,Run,1,"48.175564,17.072484","-6.631342,106.904215"
32833770,17276725,Long Run,1,"48.175564,17.072484","-6.923554,107.669519"
48700820,17276725,Run,1,"48.175564,17.072484","-27.594782,-48.63488"
54291099,17276725,Run,1,"48.175564,17.072484","48.965703,2.131473"
59765555,17276725,Run,1,"48.175564,17.072484","49.034776,12.520106"
5868171,17613505,Virtual Ride,1,"-34.039738,151.119263","-11.692988,166.925025"
6858886,17613505,Virtual Ride,1,"-34.039738,151.119263","-22.315689,-53.89198"
15173662,17838364,Ride,1,"-6.631342,106.904215","44.426755,10.668582"
17276725,17838364,Run,1,"-6.631342,106.904215","48.175564,17.072484"
32833770,17838364,Long Run,1,"-6.631342,106.904215","-6.923554,107.669519"
38410797,17838364,Race,1,"-6.631342,106.904215","13.062556,77.575391"
39487043,17838364,Long Run,1,"-6.631342,106.904215","23.059105,72.68815"
43811851,17838364,Ride,1,"-6.631342,106.904215","13.626302,79.386497"
48700820,17838364,Run,1,"-6.631342,106.904215","-27.594782,-48.63488"
53754543,17838364,Ride,1,"-6.631342,106.904215","23.859666,90.401574"
54291099,17838364,Run,1,"-6.631342,106.904215","48.965703,2.131473"
59765555,17838364,Ride,1,"-6.631342,106.904215","49.034776,12.520106"
59765555,17838364,Run,1,"-6.631342,106.904215","49.034776,12.520106"
63144272,17838364,Ride,1,"-6.631342,106.904215","40.767138,-73.980198"
65252512,17838364,Ride,1,"-6.631342,106.904215","41.35863,2.03545"
1158227,1802727,Ride,1,"48.179801,13.97666","46.534864,6.956806"
1428169,1802727,Ride,3,"48.179801,13.97666","47.422128,9.097119"
16529034,1802727,Virtual Ride,1,"48.179801,13.97666","35.364698,138.920027"
7429518,1802727,Virtual Ride,1,"48.179801,13.97666","47.128541,0.690571"
850495,1802727,Backcountry Ski,2,"48.179801,13.97666","45.6763,13.333164"
850495,1802727,Hike,2,"48.179801,13.97666","45.6763,13.333164"
850495,1802727,Ride,57,"48.179801,13.97666","45.6763,13.333164"
850495,1802727,Run,1,"48.179801,13.97666","45.6763,13.333164"
850495,1802727,Virtual Ride,2,"48.179801,13.97666","45.6763,13.333164"
20337061,18076360,Run,1,"-34.028734,18.466311","-17.408502,-49.071075"
36477493,18076360,Run,1,"-34.028734,18.466311","-24.008458,-46.413645"
16529034,18170803,Virtual Ride,1,"-11.663626,166.972436","35.364698,138.920027"
29344775,18170803,Virtual Ride,1,"-11.663626,166.972436","-11.663633,166.971787"
7429518,18170803,Workout,1,"-11.663626,166.972436","47.128541,0.690571"
35139284,18334197,Ride,1,"20.999361,77.755532","20.881233,77.743725"
46464940,18334197,Walk,1,"20.999361,77.755532","20.945091,77.77123"
1393263,183769,Virtual Ride,2,"51.474359,-0.164143","51.683055,-3.086403"
2379641,183769,Virtual Ride,2,"51.474359,-0.164143","53.24585,-1.64363"
29226017,183769,Virtual Ride,1,"51.474359,-0.164143","49.655038,12.0168"
4384646,183769,Virtual Ride,1,"51.474359,-0.164143","45.386512,11.151029"
10776847,18486849,Ride,1,"-8.099836,-34.892005","51.400699,-0.34269"
25188939,18486849,Ride,1,"-8.099836,-34.892005","28.58694,77.189708"
37548888,18486849,Ride,1,"-8.099836,-34.892005","40.750256,-73.985473"
44960332,18486849,Ride,1,"-8.099836,-34.892005","5.563518,-0.165915"
63144272,18486849,Ride,1,"-8.099836,-34.892005","40.767138,-73.980198"
14538785,18587711,Run,1,"11.21204,75.751167","36.621359,127.452949"
20600440,18587711,Run,1,"11.21204,75.751167","5.948996,116.048029"
63342021,18587711,Run,1,"11.21204,75.751167","10.412501,76.075204"
67856270,18587711,Run,1,"11.21204,75.751167","26.901843,75.665524"
13017516,18687731,Ride,4,"-11.387395,-40.433104","-10.93276,-40.134693"
38018324,19046703,Ride,1,"18.588987,73.790111","17.996388,74.424141"
49440736,19046703,Ride,1,"18.588987,73.790111","18.633511,73.846357"
10713303,19057907,Ride,1,"-17.906421,-41.837622","-17.90795,-40.349699"
22278352,19087491,Ride,1,"-10.315213,-48.368391","-8.288382,-48.478151"
58529368,196354,Long Run,2,"-36.8754,147.248641","-36.748995,147.145668"
58529368,196354,Ride,1,"-36.8754,147.248641","-36.748995,147.145668"
58529368,196354,Run,4,"-36.8754,147.248641","-36.748995,147.145668"
1216273,197359,Race,1,"43.701467,7.322454","-11.692993,166.95779"
287820,197359,Ride,6,"43.701467,7.322454","50.965598,3.88194"
850495,197359,Ride,6,"43.701467,7.322454","45.6763,13.333164"
1393263,19834139,Virtual Ride,1,"38.93691,-9.40471","51.683055,-3.086403"
46749890,20138258,Ride-Commute,1,"22.685511,75.922242","20.863579,77.669869"
47753313,20138258,Ride,1,"22.685511,75.922242","20.931279,77.775926"
49615879,20138258,Ride,1,"22.685511,75.922242","30.257228,75.226891"
18076360,20337061,Run,1,"-17.408502,-49.071075","-34.028734,18.466311"
36477493,20337061,Run,1,"-17.408502,-49.071075","-24.008458,-46.413645"
8066039,20426266,Long Run,1,"53.599723,-2.541139","54.606659,-3.147885"
8066039,20426266,Race,1,"53.599723,-2.541139","54.606659,-3.147885"
8066039,20426266,Run,73,"53.599723,-2.541139","54.606659,-3.147885"
8066039,20426266,Walk,2,"53.599723,-2.541139","54.606659,-3.147885"
24446447,20500425,Ride,1,"51.968716,1.371882","53.265679,-2.450968"
53281457,20500425,Virtual Ride,1,"51.968716,1.371882","48.860878,2.294195"
14538785,20600440,Run,1,"5.948996,116.048029","36.621359,127.452949"
42663280,20600440,Walk,1,"5.948996,116.048029","2.179631,-73.787393"
63342021,20600440,Run,1,"5.948996,116.048029","10.412501,76.075204"
67856270,20600440,Run,1,"5.948996,116.048029","26.901843,75.665524"
8505007,20843484,Run,1,"25.324348,55.37566","-24.217796,-50.93149"
24469089,21113544,Ride,1,"51.500441,-0.149711","59.646258,34.239796"
24469089,21113544,Run,1,"51.500441,-0.149711","59.646258,34.239796"
26871730,21113544,Run,1,"51.500441,-0.149711","59.646168,34.190678"
27586576,21113544,Run,1,"51.500441,-0.149711","50.095671,20.022881"
34185291,21113544,Run,1,"51.500441,-0.149711","34.953396,-2.351323"
38018324,21113544,Walk,1,"51.500441,-0.149711","17.996388,74.424141"
39438608,21113544,Ride,1,"51.500441,-0.149711","67.158643,32.378278"
39438608,21113544,Run,1,"51.500441,-0.149711","67.158643,32.378278"
40110376,21113544,Ride,1,"51.500441,-0.149711","59.613319,34.249181"
42663280,21113544,Walk,1,"51.500441,-0.149711","2.179631,-73.787393"
42728766,21113544,Walk,1,"51.500441,-0.149711","-22.143949,-51.498484"
66336642,21113544,Walk,1,"51.500441,-0.149711","48.126634,-1.295539"
7809648,21141420,Ride,1,"-20.728334,-48.574476","-20.713586,-48.574468"
10914282,21184773,Virtual Ride,1,"-11.663628,166.97252","-11.663638,166.9724"
13569007,21184773,Virtual Ride,1,"-11.663628,166.97252","-21.744884,166.148257"
4479814,21184773,Workout,1,"-11.663628,166.97252","-11.66363,166.935571"
42728766,21367562,Ride,1,"-15.960914,-49.513228","-22.143949,-51.498484"
11470899,218761,Virtual Ride,1,"-10.775159,165.830066","53.974864,-1.592987"
51805378,218761,Virtual Ride,1,"-10.775159,165.830066","-11.663628,166.971654"
19087491,22278352,Ride,1,"-8.288382,-48.478151","-10.315213,-48.368391"
38971489,22359980,Ride,2,"-14.089864,-52.236745","-13.206274,-53.257711"
42728766,22670057,Ride,1,"-9.986938,-67.910694","-22.143949,-51.498484"
42728766,22670057,Run,1,"-9.986938,-67.910694","-22.143949,-51.498484"
4394938,22670057,Ride,1,"-9.986938,-67.910694","-10.029011,-67.863414"
24469089,22752753,Ride,1,"50.280729,18.832551","59.646258,34.239796"
9265559,22858079,Race,1,"-23.342096,-46.773809","-23.953318,-46.8046"
10713303,22921506,Ride,12,"-17.852146,-40.403852","-17.90795,-40.349699"
14167173,22921506,Ride,17,"-17.852146,-40.403852","-17.90795,-40.34974"
32833770,22936334,Run,1,"-22.422918,-42.977157","-6.923554,107.669519"
42663280,22936334,Run,1,"-22.422918,-42.977157","2.179631,-73.787393"
42663280,22936334,Workout,1,"-22.422918,-42.977157","2.179631,-73.787393"
42728766,22954077,Run,1,"-22.90828,-47.043333","-22.143949,-51.498484"
23500475,23251623,Run,2,"4.169247,73.500741","4.169296,73.500749"
23251623,23500475,Run,2,"4.169296,73.500749","4.169247,73.500741"
3250490,23500475,Virtual Ride,1,"4.169296,73.500749","-18.47589,-47.33571"
6858886,23500475,Ride,1,"4.169296,73.500749","-22.315689,-53.89198"
183769,2379641,Virtual Ride,3,"53.24585,-1.64363","51.474359,-0.164143"
20500425,24446447,Ride,1,"53.265679,-2.450968","51.968716,1.371882"
21113544,24469089,Ride,1,"59.646258,34.239796","51.500441,-0.149711"
21113544,24469089,Run,1,"59.646258,34.239796","51.500441,-0.149711"
34185291,24469089,Run,1,"59.646258,34.239796","34.953396,-2.351323"
39438608,24469089,Ride,1,"59.646258,34.239796","67.158643,32.378278"
39438608,24469089,Run,1,"59.646258,34.239796","67.158643,32.378278"
40110376,24469089,Ride,1,"59.646258,34.239796","59.613319,34.249181"
27857796,24991613,Ride,1,"14.512231,121.140419","7.057529,125.569271"
10776847,25188939,Ride,1,"28.58694,77.189708","51.400699,-0.34269"
18486849,25188939,Ride,1,"28.58694,77.189708","-8.099836,-34.892005"
25246405,25188939,Ride,1,"28.58694,77.189708","30.03364,74.918103"
37548888,25188939,Ride,1,"28.58694,77.189708","40.750256,-73.985473"
44960332,25188939,Ride,1,"28.58694,77.189708","5.563518,-0.165915"
63144272,25188939,Ride,1,"28.58694,77.189708","40.767138,-73.980198"
25188939,25246405,Ride,1,"30.03364,74.918103","28.58694,77.189708"
42497175,25246405,Ride,1,"30.03364,74.918103","22.703103,75.811878"
48570568,25246405,Walk,1,"30.03364,74.918103","37.986164,-1.105562"
48987940,25246405,Walk,1,"30.03364,74.918103","20.071479,77.949207"
38830041,25387817,Ride,1,"-25.610737,-49.298929","-11.382709,-41.863286"
9325094,25387817,Ride,1,"-25.610737,-49.298929","-21.131125,-48.957986"
43811851,25996313,Ride,1,"43.584622,7.121396","13.626302,79.386497"
59765555,25996313,Ride,1,"43.584622,7.121396","49.034776,12.520106"
49440736,26453537,Ride,22,"18.633606,73.849254","18.633511,73.846357"
49440736,26453537,Workout,2,"18.633606,73.849254","18.633511,73.846357"
52172855,26453537,Ride,3,"18.633606,73.849254","18.620527,73.850912"
52172855,26453537,Workout,4,"18.633606,73.849254","18.620527,73.850912"
21113544,26871730,Run,1,"59.646168,34.190678","51.500441,-0.149711"
27586576,26871730,Run,1,"59.646168,34.190678","50.095671,20.022881"
7733163,27028898,Ride,1,"11.665436,77.969807","12.890109,77.589162"
27112113,27128031,Ride,63,"18.435828,74.568253","18.425928,74.464883"
27112113,27128031,Walk,1,"18.435828,74.568253","18.425928,74.464883"
42663280,27128031,Ride,1,"18.435828,74.568253","2.179631,-73.787393"
43210132,27128031,Ride,1,"18.435828,74.568253","20.867758,77.734201"
48570568,27128031,Ride,1,"18.435828,74.568253","37.986164,-1.105562"
49165714,27128031,Ride,1,"18.435828,74.568253","30.910079,75.844503"
56856752,27128031,Ride,1,"18.435828,74.568253","9.985011,76.250384"
67965418,27128031,Ride,1,"18.435828,74.568253","10.078529,76.33982"
42728766,27135451,Run,1,"-24.009549,-46.41367","-22.143949,-51.498484"
36395859,27411741,Run,1,"33.482906,-97.559499","43.369201,-8.410271"
21113544,27586576,Run,1,"50.095671,20.022881","51.500441,-0.149711"
26871730,27586576,Run,1,"50.095671,20.022881","59.646168,34.190678"
24469089,27758226,Ride,1,"60.645705,30.199749","59.646258,34.239796"
24469089,27758226,Run,1,"60.645705,30.199749","59.646258,34.239796"
34185291,27758226,Run,1,"60.645705,30.199749","34.953396,-2.351323"
39438608,27758226,Ride,1,"60.645705,30.199749","67.158643,32.378278"
39438608,27758226,Run,1,"60.645705,30.199749","67.158643,32.378278"
40110376,27758226,Ride,1,"60.645705,30.199749","59.613319,34.249181"
32050295,27852271,Walk,1,"57.804169,28.326591","40.313883,-3.863523"
37468550,27852271,Walk,1,"57.804169,28.326591","48.117115,-1.35993"
41624849,27852271,Walk,1,"57.804169,28.326591","31.607748,74.92357"
42663280,27852271,Run,1,"57.804169,28.326591","2.179631,-73.787393"
42663280,27852271,Walk,1,"57.804169,28.326591","2.179631,-73.787393"
44535592,27852271,Walk,1,"57.804169,28.326591","28.247122,76.890111"
61076048,27852271,Run,1,"57.804169,28.326591","37.986164,-1.105562"
66336642,27852271,Walk,1,"57.804169,28.326591","48.126634,-1.295539"
7256312,27852271,Walk,1,"57.804169,28.326591","-23.591318,-46.781267"
24991613,27857796,Ride,1,"7.057529,125.569271","14.512231,121.140419"
36191407,27941646,Ride,2,"19.251997,76.721829","19.146732,76.533761"
36377632,27941646,Canoe,1,"19.251997,76.721829","37.986409,-1.112164"
36377632,27941646,Ride,1,"19.251997,76.721829","37.986409,-1.112164"
37126638,27941646,Canoe,1,"19.251997,76.721829","28.562882,77.028811"
37126638,27941646,Ride,1,"19.251997,76.721829","28.562882,77.028811"
48570568,27941646,Ride,2,"19.251997,76.721829","37.986164,-1.105562"
49615879,27941646,Ride,1,"19.251997,76.721829","30.257228,75.226891"
62426316,28061979,Run,1,"30.683926,76.868821","28.632643,77.336374"
14515442,28412019,Ride,71,"-16.177293,-42.29793","-16.177279,-42.314699"
14515442,28412019,Ride-Commute,3,"-16.177293,-42.29793","-16.177279,-42.314699"
14515442,28412019,Walk,1,"-16.177293,-42.29793","-16.177279,-42.314699"
35431018,28423469,Handcycle,5,"18.703812,73.789975","18.755073,73.846402"
35431018,28423469,Ride,1,"18.703812,73.789975","18.755073,73.846402"
1216273,287820,Race,14,"50.965598,3.88194","-11.692993,166.95779"
1216273,287820,Ride,1,"50.965598,3.88194","-11.692993,166.95779"
1636003,287820,Ride,3,"50.965598,3.88194","53.297054,-2.107143"
197359,287820,Race,3,"50.965598,3.88194","43.701467,7.322454"
197359,287820,Ride,3,"50.965598,3.88194","43.701467,7.322454"
850495,287820,Ride,4,"50.965598,3.88194","45.6763,13.333164"
183769,29226017,Virtual Ride,1,"49.655038,12.0168","51.474359,-0.164143"
3776487,29226017,Virtual Ride,1,"49.655038,12.0168","51.484956,-0.164131"
9645515,29226017,Virtual Ride,1,"49.655038,12.0168","-21.744888,166.148247"
16880961,29344775,Virtual Ride,1,"-11.663633,166.971787","47.256544,11.386428"
2379641,29344775,Virtual Ride,1,"-11.663633,166.971787","53.24585,-1.64363"
32833770,29388206,Run,1,"48.860875,2.294179","-6.923554,107.669519"
33718479,29388206,Run,1,"48.860875,2.294179","22.298009,70.78667"
183769,29702121,Virtual Ride,1,"11.653074,78.112127","51.474359,-0.164143"
27028898,29702121,Ride,1,"11.653074,78.112127","11.665436,77.969807"
35405838,29702121,Virtual Ride,1,"11.653074,78.112127","50.723545,-2.328947"
7733163,29702121,Ride,1,"11.653074,78.112127","12.890109,77.589162"
4538155,3015885,Virtual Ride,1,"-11.662331,166.935547","-11.692991,166.925024"
33718479,30511551,Run,1,"31.274219,75.595411","22.298009,70.78667"
38410797,30511551,Race,1,"31.274219,75.595411","13.062556,77.575391"
49615879,30511551,Run,1,"31.274219,75.595411","30.257228,75.226891"
59765555,30932242,Ride,1,"-16.685372,-44.493775","49.034776,12.520106"
34185291,31155102,Ride,1,"37.990192,-1.11172","34.953396,-2.351323"
4538155,31494763,Virtual Ride,1,"-11.692495,166.88756","-11.692991,166.925024"
42728766,31842995,Ride,1,"2.480933,-76.586239","-22.143949,-51.498484"
27852271,32050295,Walk,1,"40.313883,-3.863523","57.804169,28.326591"
37468550,32050295,Walk,1,"40.313883,-3.863523","48.117115,-1.35993"
41624849,32050295,Walk,1,"40.313883,-3.863523","31.607748,74.92357"
42663280,32050295,Ride,1,"40.313883,-3.863523","2.179631,-73.787393"
42663280,32050295,Virtual Ride,1,"40.313883,-3.863523","2.179631,-73.787393"
42663280,32050295,Walk,1,"40.313883,-3.863523","2.179631,-73.787393"
44535592,32050295,Walk,1,"40.313883,-3.863523","28.247122,76.890111"
63468828,32050295,Ride,1,"40.313883,-3.863523","31.030423,29.781819"
66336642,32050295,Walk,1,"40.313883,-3.863523","48.126634,-1.295539"
68151274,32050295,Ride,1,"40.313883,-3.863523","37.705679,-121.947085"
7256312,32050295,Walk,1,"40.313883,-3.863523","-23.591318,-46.781267"
23500475,3250490,Virtual Ride,1,"-18.47589,-47.33571","4.169296,73.500749"
49025062,3250490,Ride,5,"-18.47589,-47.33571","-18.504967,-47.199347"
49025062,3250490,Workout,10,"-18.47589,-47.33571","-18.504967,-47.199347"
17276725,32833770,Run,1,"-6.923554,107.669519","48.175564,17.072484"
17838364,32833770,Run,1,"-6.923554,107.669519","-6.631342,106.904215"
22936334,32833770,Run,1,"-6.923554,107.669519","-22.422918,-42.977157"
29388206,32833770,Run,1,"-6.923554,107.669519","48.860875,2.294179"
33718479,32833770,Run,2,"-6.923554,107.669519","22.298009,70.78667"
38410797,32833770,Race,1,"-6.923554,107.669519","13.062556,77.575391"
44535592,32833770,Run,2,"-6.923554,107.669519","28.247122,76.890111"
48700820,32833770,Run,1,"-6.923554,107.669519","-27.594782,-48.63488"
54291099,32833770,Run,1,"-6.923554,107.669519","48.965703,2.131473"
59765555,32833770,Run,2,"-6.923554,107.669519","49.034776,12.520106"
9925591,32833770,Run,2,"-6.923554,107.669519","51.466202,-0.298114"
21113544,33225579,Ride,1,"20.10756,77.135224","51.500441,-0.149711"
25188939,33225579,Ride,1,"20.10756,77.135224","28.58694,77.189708"
25246405,33225579,Ride,1,"20.10756,77.135224","30.03364,74.918103"
49440736,33225579,Ride,1,"20.10756,77.135224","18.633511,73.846357"
49615879,33225579,Ride,1,"20.10756,77.135224","30.257228,75.226891"
52172855,33225579,Workout,1,"20.10756,77.135224","18.620527,73.850912"
56856752,33225579,Ride,1,"20.10756,77.135224","9.985011,76.250384"
65252512,33225579,Ride,1,"20.10756,77.135224","41.35863,2.03545"
14001473,33529815,Run,1,"23.034763,72.469618","23.015468,72.448514"
38018324,33529815,Ride,1,"23.034763,72.469618","17.996388,74.424141"
29388206,33718479,Run,1,"22.298009,70.78667","48.860875,2.294179"
32833770,33718479,Run,2,"22.298009,70.78667","-6.923554,107.669519"
44535592,33718479,Run,1,"22.298009,70.78667","28.247122,76.890111"
49615879,33718479,Run,1,"22.298009,70.78667","30.257228,75.226891"
21113544,34185291,Run,1,"34.953396,-2.351323","51.500441,-0.149711"
24469089,34185291,Run,1,"34.953396,-2.351323","59.646258,34.239796"
31155102,34185291,Ride,1,"34.953396,-2.351323","37.990192,-1.11172"
34535328,34185291,Ride,1,"34.953396,-2.351323","14.167672,121.018848"
39438608,34185291,Run,1,"34.953396,-2.351323","67.158643,32.378278"
6858886,34185291,Ride,2,"34.953396,-2.351323","-22.315689,-53.89198"
7256312,34185291,Ride,1,"34.953396,-2.351323","-23.591318,-46.781267"
46699685,34204906,Run,13,"7.341571,134.4617","7.341835,134.471633"
34185291,34535328,Ride,1,"14.167672,121.018848","34.953396,-2.351323"
7256312,34535328,Ride,1,"14.167672,121.018848","-23.591318,-46.781267"
36467489,34941159,Run,1,"10.227788,76.25937","25.174706,55.415371"
36865838,34941159,Ride,1,"10.227788,76.25937","18.672457,72.879261"
36865838,34941159,Run,1,"10.227788,76.25937","18.672457,72.879261"
7733163,34941159,Ride,1,"10.227788,76.25937","12.890109,77.589162"
18334197,35139284,Ride,1,"20.881233,77.743725","20.999361,77.755532"
18334197,35139284,Workout,2,"20.881233,77.743725","20.999361,77.755532"
46464940,35139284,Ride,3,"20.881233,77.743725","20.945091,77.77123"
46749890,35139284,Ride,5,"20.881233,77.743725","20.863579,77.669869"
46749890,35139284,Ride-Commute,1,"20.881233,77.743725","20.863579,77.669869"
46827662,35139284,Ride,1,"20.881233,77.743725","20.965868,77.720666"
47753313,35139284,Ride,16,"20.881233,77.743725","20.931279,77.775926"
47753313,35139284,Workout,1,"20.881233,77.743725","20.931279,77.775926"
49739988,35139284,Ride,5,"20.881233,77.743725","20.938583,77.775972"
27941646,35429159,Canoe,1,"19.932666,73.521226","19.251997,76.721829"
36377632,35429159,Canoe,1,"19.932666,73.521226","37.986409,-1.112164"
37126638,35429159,Canoe,1,"19.932666,73.521226","28.562882,77.028811"
37126638,35429159,Run,1,"19.932666,73.521226","28.562882,77.028811"
38018324,35429159,Run,1,"19.932666,73.521226","17.996388,74.424141"
38410797,35429159,Long Run,1,"19.932666,73.521226","13.062556,77.575391"
39487043,35429159,Run,1,"19.932666,73.521226","23.059105,72.68815"
42695848,35429159,Run,1,"19.932666,73.521226","37.992275,-1.104451"
48042189,35429159,Ride,1,"19.932666,73.521226","20.404627,74.912236"
28423469,35431018,Ride,2,"18.755073,73.846402","18.703812,73.789975"
28423469,35431018,Workout,5,"18.755073,73.846402","18.703812,73.789975"
53754543,35758534,Run,1,"23.596632,72.958559","23.859666,90.401574"
27941646,36191407,Ride,2,"19.146732,76.533761","19.251997,76.721829"
48570568,36191407,Ride,1,"19.146732,76.533761","37.986164,-1.105562"
16837710,36210480,Ride,4,"26.193558,78.148526","-21.771669,-48.26836"
48713593,36324526,Workout,1,"19.863148,75.325483","19.860653,75.289945"
27941646,36377632,Canoe,1,"37.986409,-1.112164","19.251997,76.721829"
27941646,36377632,Ride-Commute,1,"37.986409,-1.112164","19.251997,76.721829"
37126638,36377632,Canoe,1,"37.986409,-1.112164","28.562882,77.028811"
37126638,36377632,Ride,1,"37.986409,-1.112164","28.562882,77.028811"
38388657,36377632,Ride,1,"37.986409,-1.112164","4.604067,-74.06138"
34941159,36467489,Run,1,"25.174706,55.415371","10.227788,76.25937"
36865838,36467489,Run,1,"25.174706,55.415371","18.672457,72.879261"
18076360,36477493,Run,1,"-24.008458,-46.413645","-34.028734,18.466311"
20337061,36477493,Run,1,"-24.008458,-46.413645","-17.408502,-49.071075"
34941159,36865838,Ride,1,"18.672457,72.879261","10.227788,76.25937"
34941159,36865838,Run,1,"18.672457,72.879261","10.227788,76.25937"
36467489,36865838,Run,1,"18.672457,72.879261","25.174706,55.415371"
39487043,36865838,Run,1,"18.672457,72.879261","23.059105,72.68815"
47246488,36865838,Ride,2,"18.672457,72.879261","18.727035,72.906493"
48042189,36865838,Ride,1,"18.672457,72.879261","20.404627,74.912236"
7733163,36865838,Ride,1,"18.672457,72.879261","12.890109,77.589162"
9925591,36963084,Run,1,"48.224818,6.418454","51.466202,-0.298114"
51757676,37008097,Walk,1,"18.697999,73.594158","36.014445,-5.624668"
59765555,37008097,Walk,1,"18.697999,73.594158","49.034776,12.520106"
64240804,37008097,Walk,1,"18.697999,73.594158","19.886418,75.361842"
10536800,37126638,Run,1,"28.562882,77.028811","50.99653,8.112518"
27941646,37126638,Canoe,1,"28.562882,77.028811","19.251997,76.721829"
27941646,37126638,Ride-Commute,1,"28.562882,77.028811","19.251997,76.721829"
36377632,37126638,Canoe,1,"28.562882,77.028811","37.986409,-1.112164"
36377632,37126638,Ride,1,"28.562882,77.028811","37.986409,-1.112164"
38018324,37126638,Run,1,"28.562882,77.028811","17.996388,74.424141"
38410797,37126638,Long Run,1,"28.562882,77.028811","13.062556,77.575391"
39487043,37126638,Run,1,"28.562882,77.028811","23.059105,72.68815"
42695848,37126638,Run,1,"28.562882,77.028811","37.992275,-1.104451"
27852271,37468550,Walk,1,"48.117115,-1.35993","57.804169,28.326591"
32050295,37468550,Walk,1,"48.117115,-1.35993","40.313883,-3.863523"
41624849,37468550,Walk,1,"48.117115,-1.35993","31.607748,74.92357"
42663280,37468550,Walk,1,"48.117115,-1.35993","2.179631,-73.787393"
44535592,37468550,Walk,1,"48.117115,-1.35993","28.247122,76.890111"
66336642,37468550,Walk,1,"48.117115,-1.35993","48.126634,-1.295539"
7256312,37468550,Walk,1,"48.117115,-1.35993","-23.591318,-46.781267"
10776847,37548888,Ride,1,"40.750256,-73.985473","51.400699,-0.34269"
18486849,37548888,Ride,1,"40.750256,-73.985473","-8.099836,-34.892005"
25188939,37548888,Ride,1,"40.750256,-73.985473","28.58694,77.189708"
44960332,37548888,Ride,1,"40.750256,-73.985473","5.563518,-0.165915"
63144272,37548888,Ride,1,"40.750256,-73.985473","40.767138,-73.980198"
29226017,3776487,Virtual Ride,1,"51.484956,-0.164131","49.655038,12.0168"
7429518,3776487,Race,1,"51.484956,-0.164131","47.128541,0.690571"
7429518,3776487,Virtual Ride,1,"51.484956,-0.164131","47.128541,0.690571"
21113544,38018324,Walk,1,"17.996388,74.424141","51.500441,-0.149711"
33529815,38018324,Ride,1,"17.996388,74.424141","23.034763,72.469618"
37126638,38018324,Run,1,"17.996388,74.424141","28.562882,77.028811"
38410797,38018324,Long Run,1,"17.996388,74.424141","13.062556,77.575391"
39487043,38018324,Run,1,"17.996388,74.424141","23.059105,72.68815"
42663280,38018324,Walk,1,"17.996388,74.424141","2.179631,-73.787393"
42695848,38018324,Run,1,"17.996388,74.424141","37.992275,-1.104451"
42728766,38018324,Walk,1,"17.996388,74.424141","-22.143949,-51.498484"
44535592,38018324,Run,1,"17.996388,74.424141","28.247122,76.890111"
63103670,38018324,Run,1,"17.996388,74.424141","22.308372,74.34751"
66336642,38018324,Walk,1,"17.996388,74.424141","48.126634,-1.295539"
36377632,38388657,Ride,1,"4.604067,-74.06138","37.986409,-1.112164"
44960332,38388657,E-Bike Ride,1,"4.604067,-74.06138","5.563518,-0.165915"
17838364,38410797,Run,1,"13.062556,77.575391","-6.631342,106.904215"
32833770,38410797,Long Run,1,"13.062556,77.575391","-6.923554,107.669519"
37126638,38410797,Run,1,"13.062556,77.575391","28.562882,77.028811"
38018324,38410797,Run,1,"13.062556,77.575391","17.996388,74.424141"
39487043,38410797,Long Run,1,"13.062556,77.575391","23.059105,72.68815"
39487043,38410797,Run,1,"13.062556,77.575391","23.059105,72.68815"
44535592,38410797,Run,1,"13.062556,77.575391","28.247122,76.890111"
59765555,38410797,Run,1,"13.062556,77.575391","49.034776,12.520106"
25387817,38830041,Ride,1,"-11.382709,-41.863286","-25.610737,-49.298929"
22359980,38971489,Ride,2,"-13.206274,-53.257711","-14.089864,-52.236745"
21113544,39438608,Ride,1,"67.158643,32.378278","51.500441,-0.149711"
21113544,39438608,Run,1,"67.158643,32.378278","51.500441,-0.149711"
24469089,39438608,Ride,1,"67.158643,32.378278","59.646258,34.239796"
24469089,39438608,Run,1,"67.158643,32.378278","59.646258,34.239796"
34185291,39438608,Run,1,"67.158643,32.378278","34.953396,-2.351323"
39740594,39438608,Ride,1,"67.158643,32.378278","62.018442,129.678445"
40110376,39438608,Ride,1,"67.158643,32.378278","59.613319,34.249181"
10536800,39487043,Run,1,"23.059105,72.68815","50.99653,8.112518"
17838364,39487043,Run,1,"23.059105,72.68815","-6.631342,106.904215"
36865838,39487043,Run,1,"23.059105,72.68815","18.672457,72.879261"
37126638,39487043,Run,1,"23.059105,72.68815","28.562882,77.028811"
38018324,39487043,Run,1,"23.059105,72.68815","17.996388,74.424141"
38410797,39487043,Long Run,1,"23.059105,72.68815","13.062556,77.575391"
38410797,39487043,Race,1,"23.059105,72.68815","13.062556,77.575391"
42695848,39487043,Run,1,"23.059105,72.68815","37.992275,-1.104451"
42728766,39487043,Run,1,"23.059105,72.68815","-22.143949,-51.498484"
39438608,39740594,Ride,1,"62.018442,129.678445","67.158643,32.378278"
21113544,40110376,Ride,1,"59.613319,34.249181","51.500441,-0.149711"
24469089,40110376,Ride,1,"59.613319,34.249181","59.646258,34.239796"
39438608,40110376,Ride,1,"59.613319,34.249181","67.158643,32.378278"
39487043,40243271,Run,1,"-22.933539,-43.173078","23.059105,72.68815"
27852271,41624849,Walk,1,"31.607748,74.92357","57.804169,28.326591"
32050295,41624849,Walk,1,"31.607748,74.92357","40.313883,-3.863523"
37468550,41624849,Walk,1,"31.607748,74.92357","48.117115,-1.35993"
42663280,41624849,Walk,1,"31.607748,74.92357","2.179631,-73.787393"
44535592,41624849,Walk,1,"31.607748,74.92357","28.247122,76.890111"
66336642,41624849,Walk,1,"31.607748,74.92357","48.126634,-1.295539"
7256312,41624849,Walk,1,"31.607748,74.92357","-23.591318,-46.781267"
34941159,41843136,Run,1,"11.376035,76.33986","10.227788,76.25937"
36467489,41843136,Run,1,"11.376035,76.33986","25.174706,55.415371"
36865838,41843136,Run,1,"11.376035,76.33986","18.672457,72.879261"
7733163,41843136,Ride,1,"11.376035,76.33986","12.890109,77.589162"
13438666,41905668,Workout,1,"28.481809,77.090442","28.537731,77.204319"
49615879,41905668,Run,1,"28.481809,77.090442","30.257228,75.226891"
25246405,42497175,Ride,1,"22.703103,75.811878","30.03364,74.918103"
43529850,42497175,Ride,119,"22.703103,75.811878","22.67235,75.668454"
44535592,42497175,Ride,2,"22.703103,75.811878","28.247122,76.890111"
44535592,42497175,Run,1,"22.703103,75.811878","28.247122,76.890111"
44644389,42497175,Ride,1,"22.703103,75.811878","20.256428,85.82351"
48494104,42497175,Ride,1,"22.703103,75.811878","21.262074,81.66387"
48570568,42497175,Ride,2,"22.703103,75.811878","37.986164,-1.105562"
61076048,42497175,Ride,1,"22.703103,75.811878","37.986164,-1.105562"
20600440,42663280,Walk,1,"2.179631,-73.787393","5.948996,116.048029"
21113544,42663280,Walk,1,"2.179631,-73.787393","51.500441,-0.149711"
22936334,42663280,Race,1,"2.179631,-73.787393","-22.422918,-42.977157"
22936334,42663280,Run,1,"2.179631,-73.787393","-22.422918,-42.977157"
27852271,42663280,Run,1,"2.179631,-73.787393","57.804169,28.326591"
27852271,42663280,Walk,1,"2.179631,-73.787393","57.804169,28.326591"
32050295,42663280,Ride,1,"2.179631,-73.787393","40.313883,-3.863523"
32050295,42663280,Virtual Ride,1,"2.179631,-73.787393","40.313883,-3.863523"
32050295,42663280,Walk,1,"2.179631,-73.787393","40.313883,-3.863523"
37468550,42663280,Walk,1,"2.179631,-73.787393","48.117115,-1.35993"
38018324,42663280,Walk,1,"2.179631,-73.787393","17.996388,74.424141"
41624849,42663280,Walk,1,"2.179631,-73.787393","31.607748,74.92357"
42728766,42663280,Run,1,"2.179631,-73.787393","-22.143949,-51.498484"
42728766,42663280,Walk,1,"2.179631,-73.787393","-22.143949,-51.498484"
43210132,42663280,Ride,1,"2.179631,-73.787393","20.867758,77.734201"
44535592,42663280,Ride,1,"2.179631,-73.787393","28.247122,76.890111"
44535592,42663280,Walk,1,"2.179631,-73.787393","28.247122,76.890111"
48570568,42663280,Ride,2,"2.179631,-73.787393","37.986164,-1.105562"
61076048,42663280,Ride,1,"2.179631,-73.787393","37.986164,-1.105562"
63468828,42663280,Ride,1,"2.179631,-73.787393","31.030423,29.781819"
66336642,42663280,Walk,4,"2.179631,-73.787393","48.126634,-1.295539"
68151274,42663280,Ride,1,"2.179631,-73.787393","37.705679,-121.947085"
7256312,42663280,Walk,1,"2.179631,-73.787393","-23.591318,-46.781267"
37126638,42695848,Run,1,"37.992275,-1.104451","28.562882,77.028811"
38018324,42695848,Run,1,"37.992275,-1.104451","17.996388,74.424141"
39487043,42695848,Run,1,"37.992275,-1.104451","23.059105,72.68815"
44960332,42695848,Workout,1,"37.992275,-1.104451","5.563518,-0.165915"
7256312,42695848,Ride,1,"37.992275,-1.104451","-23.591318,-46.781267"
13312374,42728766,Ride,1,"-22.143949,-51.498484","-21.720489,-46.902261"
16016790,42728766,Ride,2,"-22.143949,-51.498484","-20.533995,-47.447561"
21113544,42728766,Walk,1,"-22.143949,-51.498484","51.500441,-0.149711"
21367562,42728766,Ride,1,"-22.143949,-51.498484","-15.960914,-49.513228"
22670057,42728766,Ride,1,"-22.143949,-51.498484","-9.986938,-67.910694"
22670057,42728766,Run,1,"-22.143949,-51.498484","-9.986938,-67.910694"
27135451,42728766,Run,1,"-22.143949,-51.498484","-24.009549,-46.41367"
31842995,42728766,Ride,1,"-22.143949,-51.498484","2.480933,-76.586239"
38018324,42728766,Walk,1,"-22.143949,-51.498484","17.996388,74.424141"
39487043,42728766,Run,1,"-22.143949,-51.498484","23.059105,72.68815"
42663280,42728766,Walk,1,"-22.143949,-51.498484","2.179631,-73.787393"
42663280,42728766,Workout,1,"-22.143949,-51.498484","2.179631,-73.787393"
66336642,42728766,Walk,1,"-22.143949,-51.498484","48.126634,-1.295539"
9925591,42753001,Run,1,"51.456093,-0.331109","51.466202,-0.298114"
34185291,42963532,Ride,3,"37.93388,-1.220818","34.953396,-2.351323"
34535328,42963532,Ride,1,"37.93388,-1.220818","14.167672,121.018848"
36377632,42963532,Ride,2,"37.93388,-1.220818","37.986409,-1.112164"
38388657,42963532,E-Bike Ride,1,"37.93388,-1.220818","4.604067,-74.06138"
38388657,42963532,Ride,1,"37.93388,-1.220818","4.604067,-74.06138"
42663280,42963532,Workout,1,"37.93388,-1.220818","2.179631,-73.787393"
42695848,42963532,Ride,2,"37.93388,-1.220818","37.992275,-1.104451"
44535592,42963532,Ride,5,"37.93388,-1.220818","28.247122,76.890111"
44535592,42963532,Workout,1,"37.93388,-1.220818","28.247122,76.890111"
59765555,42963532,Ride,1,"37.93388,-1.220818","49.034776,12.520106"
61076048,42963532,Ride,2,"37.93388,-1.220818","37.986164,-1.105562"
61076048,42963532,Workout,2,"37.93388,-1.220818","37.986164,-1.105562"
7256312,42963532,E-Bike Ride,3,"37.93388,-1.220818","-23.591318,-46.781267"
7256312,42963532,Ride,4,"37.93388,-1.220818","-23.591318,-46.781267"
7256312,42963532,Ride-Commute,1,"37.93388,-1.220818","-23.591318,-46.781267"
73884015,43162543,Ride,4,"53.559334,-2.507034","53.559346,-2.507082"
73884015,43162543,Run,3,"53.559334,-2.507034","53.559346,-2.507082"
42663280,43210132,Ride,1,"20.867758,77.734201","2.179631,-73.787393"
46749890,43210132,Ride,7,"20.867758,77.734201","20.863579,77.669869"
46749890,43210132,Ride-Commute,1,"20.867758,77.734201","20.863579,77.669869"
48570568,43210132,Ride,1,"20.867758,77.734201","37.986164,-1.105562"
48570568,43308118,Ride,1,"15.475657,73.808279","37.986164,-1.105562"
64240804,43308118,Ride,1,"15.475657,73.808279","19.886418,75.361842"
65742269,43308118,Ride,1,"15.475657,73.808279","28.527022,77.378673"
42497175,43529850,Race,1,"22.67235,75.668454","22.703103,75.811878"
42497175,43529850,Ride,58,"22.67235,75.668454","22.703103,75.811878"
42497175,43529850,Ride-Commute,1,"22.67235,75.668454","22.703103,75.811878"
42497175,43529850,Workout,67,"22.67235,75.668454","22.703103,75.811878"
15173662,43811851,Ride,1,"13.626302,79.386497","44.426755,10.668582"
17838364,43811851,Ride,1,"13.626302,79.386497","-6.631342,106.904215"
53754543,43811851,Ride,1,"13.626302,79.386497","23.859666,90.401574"
59765555,43811851,Ride,1,"13.626302,79.386497","49.034776,12.520106"
63144272,43811851,Ride,1,"13.626302,79.386497","40.767138,-73.980198"
65252512,43811851,Ride,1,"13.626302,79.386497","41.35863,2.03545"
183769,4384646,Virtual Ride,1,"45.386512,11.151029","51.474359,-0.164143"
3776487,4384646,Virtual Ride,1,"45.386512,11.151029","51.484956,-0.164131"
22670057,4394938,Workout,1,"-10.029011,-67.863414","-9.986938,-67.910694"
32050295,44119679,Virtual Ride,1,"-11.66232,166.959218","40.313883,-3.863523"
42663280,44119679,Virtual Ride,1,"-11.66232,166.959218","2.179631,-73.787393"
27852271,44535592,Walk,1,"28.247122,76.890111","57.804169,28.326591"
32050295,44535592,Walk,1,"28.247122,76.890111","40.313883,-3.863523"
32833770,44535592,Long Run,1,"28.247122,76.890111","-6.923554,107.669519"
32833770,44535592,Run,1,"28.247122,76.890111","-6.923554,107.669519"
33718479,44535592,Run,1,"28.247122,76.890111","22.298009,70.78667"
37468550,44535592,Walk,1,"28.247122,76.890111","48.117115,-1.35993"
38018324,44535592,Run,1,"28.247122,76.890111","17.996388,74.424141"
38410797,44535592,Race,1,"28.247122,76.890111","13.062556,77.575391"
41624849,44535592,Walk,1,"28.247122,76.890111","31.607748,74.92357"
42497175,44535592,Ride,2,"28.247122,76.890111","22.703103,75.811878"
42497175,44535592,Run,1,"28.247122,76.890111","22.703103,75.811878"
42663280,44535592,Walk,1,"28.247122,76.890111","2.179631,-73.787393"
42663280,44535592,Workout,1,"28.247122,76.890111","2.179631,-73.787393"
48068913,44535592,Ride,1,"28.247122,76.890111","-11.651548,166.946064"
48570568,44535592,Ride,5,"28.247122,76.890111","37.986164,-1.105562"
49615879,44535592,Ride,2,"28.247122,76.890111","30.257228,75.226891"
50768504,44535592,Ride,1,"28.247122,76.890111","12.142142,75.176748"
59765555,44535592,Ride,1,"28.247122,76.890111","49.034776,12.520106"
59765555,44535592,Run,1,"28.247122,76.890111","49.034776,12.520106"
61076048,44535592,Ride,8,"28.247122,76.890111","37.986164,-1.105562"
63103670,44535592,Run,1,"28.247122,76.890111","22.308372,74.34751"
63342021,44535592,Ride,1,"28.247122,76.890111","10.412501,76.075204"
66336642,44535592,Walk,1,"28.247122,76.890111","48.126634,-1.295539"
7256312,44535592,Walk,1,"28.247122,76.890111","-23.591318,-46.781267"
7733163,44535592,Ride,1,"28.247122,76.890111","12.890109,77.589162"
42497175,44644389,Ride,1,"20.256428,85.82351","22.703103,75.811878"
48570568,44644389,Ride,1,"20.256428,85.82351","37.986164,-1.105562"
1213507,4479814,Virtual Ride,1,"-11.66363,166.935571","-11.673624,166.935539"
29226017,4479814,Virtual Ride,1,"-11.66363,166.935571","49.655038,12.0168"
29344775,4479814,Virtual Ride,1,"-11.66363,166.935571","-11.663633,166.971787"
9645515,4479814,Virtual Ride,1,"-11.66363,166.935571","-21.744888,166.148247"
10776847,44960332,Ride,1,"5.563518,-0.165915","51.400699,-0.34269"
18486849,44960332,Ride,1,"5.563518,-0.165915","-8.099836,-34.892005"
25188939,44960332,Ride,1,"5.563518,-0.165915","28.58694,77.189708"
37548888,44960332,Ride,1,"5.563518,-0.165915","40.750256,-73.985473"
38388657,44960332,E-Bike Ride,1,"5.563518,-0.165915","4.604067,-74.06138"
42695848,44960332,Ride,1,"5.563518,-0.165915","37.992275,-1.104451"
63144272,44960332,Ride,1,"5.563518,-0.165915","40.767138,-73.980198"
7256312,44960332,Ride,1,"5.563518,-0.165915","-23.591318,-46.781267"
48753153,45158299,Ride,1,"30.22629,74.932995","30.201462,74.896148"
48753153,45158299,Run,1,"30.22629,74.932995","30.201462,74.896148"
11470899,4538155,Virtual Ride,1,"-11.692991,166.925024","53.974864,-1.592987"
3015885,4538155,Virtual Ride,1,"-11.692991,166.925024","-11.662331,166.935547"
47358664,45729313,Ride,1,"23.098104,72.575656","27.522213,76.617208"
53754543,45729313,Ride,1,"23.098104,72.575656","23.859666,90.401574"
18334197,46464940,Walk,1,"20.945091,77.77123","20.999361,77.755532"
35139284,46464940,Ride,2,"20.945091,77.77123","20.881233,77.743725"
46749890,46464940,Ride,1,"20.945091,77.77123","20.863579,77.669869"
47753313,46464940,Ride,3,"20.945091,77.77123","20.931279,77.775926"
49739988,46464940,Ride,2,"20.945091,77.77123","20.938583,77.775972"
34204906,46699685,Run,12,"7.341835,134.471633","7.341571,134.4617"
18334197,46749890,Workout,1,"20.863579,77.669869","20.999361,77.755532"
20138258,46749890,Ride,1,"20.863579,77.669869","22.685511,75.922242"
35139284,46749890,Ride,7,"20.863579,77.669869","20.881233,77.743725"
43210132,46749890,Race,1,"20.863579,77.669869","20.867758,77.734201"
43210132,46749890,Ride,2,"20.863579,77.669869","20.867758,77.734201"
43210132,46749890,Ride-Commute,1,"20.863579,77.669869","20.867758,77.734201"
46464940,46749890,Ride,1,"20.863579,77.669869","20.945091,77.77123"
46827662,46749890,Ride,1,"20.863579,77.669869","20.965868,77.720666"
47753313,46749890,Race,1,"20.863579,77.669869","20.931279,77.775926"
47753313,46749890,Ride,23,"20.863579,77.669869","20.931279,77.775926"
47753313,46749890,Ride-Commute,13,"20.863579,77.669869","20.931279,77.775926"
49615879,46749890,Ride,1,"20.863579,77.669869","30.257228,75.226891"
49739988,46749890,Ride,3,"20.863579,77.669869","20.938583,77.775972"
47753313,46827662,Ride,2,"20.965868,77.720666","20.931279,77.775926"
47753313,46827662,Ride-Commute,1,"20.965868,77.720666","20.931279,77.775926"
36865838,47246488,Ride,1,"18.727035,72.906493","18.672457,72.879261"
48570568,47246488,Ride,1,"18.727035,72.906493","37.986164,-1.105562"
51265369,47246488,Ride,10,"18.727035,72.906493","18.647319,72.872014"
48570568,47358664,Ride,4,"27.522213,76.617208","37.986164,-1.105562"
53754543,47358664,Ride,1,"27.522213,76.617208","23.859666,90.401574"
62982933,47358664,Hike,1,"27.522213,76.617208","27.560244,76.538053"
62982933,47358664,Ride,36,"27.522213,76.617208","27.560244,76.538053"
62982933,47358664,Workout,71,"27.522213,76.617208","27.560244,76.538053"
183769,47641516,Virtual Ride,1,"-11.663627,166.972476","51.474359,-0.164143"
52627349,47641516,Run,25,"-11.663627,166.972476","38.88564,-77.111183"
18334197,47753313,Workout,1,"20.931279,77.775926","20.999361,77.755532"
20138258,47753313,Ride,1,"20.931279,77.775926","22.685511,75.922242"
35139284,47753313,Ride,14,"20.931279,77.775926","20.881233,77.743725"
46464940,47753313,Ride,4,"20.931279,77.775926","20.945091,77.77123"
46749890,47753313,Ride,19,"20.931279,77.775926","20.863579,77.669869"
46749890,47753313,Ride-Commute,16,"20.931279,77.775926","20.863579,77.669869"
46827662,47753313,Ride,2,"20.931279,77.775926","20.965868,77.720666"
49615879,47753313,Ride,2,"20.931279,77.775926","30.257228,75.226891"
49739988,47753313,Ride,17,"20.931279,77.775926","20.938583,77.775972"
1010986,4797422,Virtual Ride,1,"-11.662325,166.959229","-11.654724,166.935567"
36865838,48042189,Ride,1,"20.404627,74.912236","18.672457,72.879261"
1010986,4805392,Virtual Ride,1,"-21.744887,166.148247","-11.654724,166.935567"
150168,4805392,Virtual Ride,1,"-21.744887,166.148247","41.75063,2.807602"
7082608,4805392,Virtual Ride,1,"-21.744887,166.148247","-21.7449,166.148255"
44535592,48068913,Ride,1,"-11.651548,166.946064","28.247122,76.890111"
61076048,48068913,Ride,1,"-11.651548,166.946064","37.986164,-1.105562"
48713593,48195058,Workout,1,"20.079513,77.951124","19.860653,75.289945"
48929599,48195058,Ride,15,"20.079513,77.951124","20.065193,77.944736"
48929599,48195058,Run,2,"20.079513,77.951124","20.065193,77.944736"
48987940,48195058,Ride,22,"20.079513,77.951124","20.071479,77.949207"
42497175,48494104,Ride,1,"21.262074,81.66387","22.703103,75.811878"
48195058,48549239,Ride,1,"19.704427,75.087122","20.079513,77.951124"
48713593,48549239,Ride,16,"19.704427,75.087122","19.860653,75.289945"
48713593,48549239,Workout,24,"19.704427,75.087122","19.860653,75.289945"
25246405,48570568,Walk,1,"37.986164,-1.105562","30.03364,74.918103"
27941646,48570568,Ride,2,"37.986164,-1.105562","19.251997,76.721829"
36191407,48570568,Ride,1,"37.986164,-1.105562","19.146732,76.533761"
42497175,48570568,Ride,2,"37.986164,-1.105562","22.703103,75.811878"
42663280,48570568,Ride,1,"37.986164,-1.105562","2.179631,-73.787393"
42663280,48570568,Workout,1,"37.986164,-1.105562","2.179631,-73.787393"
42963532,48570568,Ride,2,"37.986164,-1.105562","37.93388,-1.220818"
43210132,48570568,Ride,1,"37.986164,-1.105562","20.867758,77.734201"
43308118,48570568,Ride,1,"37.986164,-1.105562","15.475657,73.808279"
44535592,48570568,Ride,4,"37.986164,-1.105562","28.247122,76.890111"
44535592,48570568,Workout,1,"37.986164,-1.105562","28.247122,76.890111"
44644389,48570568,Ride,1,"37.986164,-1.105562","20.256428,85.82351"
47246488,48570568,Ride,1,"37.986164,-1.105562","18.727035,72.906493"
47358664,48570568,Ride,5,"37.986164,-1.105562","27.522213,76.617208"
47358664,48570568,Workout,1,"37.986164,-1.105562","27.522213,76.617208"
48987940,48570568,Walk,1,"37.986164,-1.105562","20.071479,77.949207"
59765555,48570568,Ride,1,"37.986164,-1.105562","49.034776,12.520106"
61076048,48570568,Ride,7,"37.986164,-1.105562","37.986164,-1.105562"
62982933,48570568,Ride,3,"37.986164,-1.105562","27.560244,76.538053"
64240804,48570568,Ride,1,"37.986164,-1.105562","19.886418,75.361842"
65742269,48570568,Ride,1,"37.986164,-1.105562","28.527022,77.378673"
17276725,48700820,Run,1,"-27.594782,-48.63488","48.175564,17.072484"
17838364,48700820,Run,1,"-27.594782,-48.63488","-6.631342,106.904215"
32833770,48700820,Long Run,1,"-27.594782,-48.63488","-6.923554,107.669519"
54291099,48700820,Run,1,"-27.594782,-48.63488","48.965703,2.131473"
59765555,48700820,Run,1,"-27.594782,-48.63488","49.034776,12.520106"
36324526,48713593,Ride,1,"19.860653,75.289945","19.863148,75.325483"
48195058,48713593,Ride,1,"19.860653,75.289945","20.079513,77.951124"
48549239,48713593,Ride,12,"19.860653,75.289945","19.704427,75.087122"
11495383,48753153,Ride,2,"30.201462,74.896148","30.209768,74.658014"
45158299,48753153,Workout-Commute,2,"30.201462,74.896148","30.22629,74.932995"
48195058,48929599,Ride,11,"20.065193,77.944736","20.079513,77.951124"
48195058,48929599,Run,1,"20.065193,77.944736","20.079513,77.951124"
48987940,48929599,Ride,1,"20.065193,77.944736","20.071479,77.949207"
25246405,48987940,Walk,1,"20.071479,77.949207","30.03364,74.918103"
48195058,48987940,Ride,27,"20.071479,77.949207","20.079513,77.951124"
48570568,48987940,Walk,1,"20.071479,77.949207","37.986164,-1.105562"
48929599,48987940,Ride,4,"20.071479,77.949207","20.065193,77.944736"
49615879,48987940,Ride,1,"20.071479,77.949207","30.257228,75.226891"
3250490,49025062,Ride,16,"-18.504967,-47.199347","-18.47589,-47.33571"
9925591,49053371,Run-Commute,1,"-15.809496,-47.892374","51.466202,-0.298114"
56856752,49165714,Ride,1,"30.910079,75.844503","9.985011,76.250384"
67965418,49165714,Ride,1,"30.910079,75.844503","10.078529,76.33982"
26453537,49440736,Workout,1,"18.633511,73.846357","18.633606,73.849254"
49615879,49440736,Ride,1,"18.633511,73.846357","30.257228,75.226891"
52172855,49440736,Hike,1,"18.633511,73.846357","18.620527,73.850912"
52172855,49440736,Ride,19,"18.633511,73.846357","18.620527,73.850912"
52172855,49440736,Workout,45,"18.633511,73.846357","18.620527,73.850912"
56856752,49440736,Ride,1,"18.633511,73.846357","9.985011,76.250384"
65252512,49440736,Ride,1,"18.633511,73.846357","41.35863,2.03545"
16016790,4945486,Ride,1,"-20.404676,-47.583165","-20.533995,-47.447561"
11495383,49615879,Run,1,"30.257228,75.226891","30.209768,74.658014"
20138258,49615879,Ride,1,"30.257228,75.226891","22.685511,75.922242"
27941646,49615879,Ride,1,"30.257228,75.226891","19.251997,76.721829"
33718479,49615879,Run,1,"30.257228,75.226891","22.298009,70.78667"
41905668,49615879,Run,1,"30.257228,75.226891","28.481809,77.090442"
44535592,49615879,Ride,2,"30.257228,75.226891","28.247122,76.890111"
46749890,49615879,Ride-Commute,1,"30.257228,75.226891","20.863579,77.669869"
47753313,49615879,Ride,2,"30.257228,75.226891","20.931279,77.775926"
48987940,49615879,Ride,1,"30.257228,75.226891","20.071479,77.949207"
49440736,49615879,Ride,1,"30.257228,75.226891","18.633511,73.846357"
52172855,49615879,Workout,1,"30.257228,75.226891","18.620527,73.850912"
56856752,49615879,Ride,1,"30.257228,75.226891","9.985011,76.250384"
65252512,49615879,Ride,1,"30.257228,75.226891","41.35863,2.03545"
35139284,49739988,Ride,6,"20.938583,77.775972","20.881233,77.743725"
46464940,49739988,Ride,10,"20.938583,77.775972","20.945091,77.77123"
46749890,49739988,Ride,4,"20.938583,77.775972","20.863579,77.669869"
47753313,49739988,Ride,36,"20.938583,77.775972","20.931279,77.775926"
47753313,49739988,Workout,1,"20.938583,77.775972","20.931279,77.775926"
44535592,50768504,Workout,1,"12.142142,75.176748","28.247122,76.890111"
56856752,50768504,Ride,1,"12.142142,75.176748","9.985011,76.250384"
63342021,50768504,Ride,1,"12.142142,75.176748","10.412501,76.075204"
47246488,51265369,Ride,8,"18.647319,72.872014","18.727035,72.906493"
59765555,51757676,Walk,1,"36.014445,-5.624668","49.034776,12.520106"
64240804,51757676,Walk,1,"36.014445,-5.624668","19.886418,75.361842"
35139284,51791437,Ride,3,"20.931397,77.775371","20.881233,77.743725"
43210132,51791437,Ride,4,"20.931397,77.775371","20.867758,77.734201"
46749890,51791437,Ride,2,"20.931397,77.775371","20.863579,77.669869"
46827662,51791437,Ride,2,"20.931397,77.775371","20.965868,77.720666"
47753313,51791437,Ride,17,"20.931397,77.775371","20.931279,77.775926"
49739988,51791437,Ride,13,"20.931397,77.775371","20.938583,77.775972"
218761,51805378,Workout,1,"-11.663628,166.971654","-10.775159,165.830066"
49440736,52172855,Hike,1,"18.620527,73.850912","18.633511,73.846357"
49440736,52172855,Ride,58,"18.620527,73.850912","18.633511,73.846357"
49440736,52172855,Workout,4,"18.620527,73.850912","18.633511,73.846357"
49615879,52172855,Ride,1,"18.620527,73.850912","30.257228,75.226891"
56856752,52172855,Ride,1,"18.620527,73.850912","9.985011,76.250384"
65252512,52172855,Ride,1,"18.620527,73.850912","41.35863,2.03545"
14538785,52257900,Run,1,"57.645473,39.963005","36.621359,127.452949"
20600440,52257900,Run,1,"57.645473,39.963005","5.948996,116.048029"
63342021,52257900,Run,1,"57.645473,39.963005","10.412501,76.075204"
67856270,52257900,Run,1,"57.645473,39.963005","26.901843,75.665524"
47641516,52627349,Run,16,"38.88564,-77.111183","-11.663627,166.972476"
7429518,52627349,Workout,1,"38.88564,-77.111183","47.128541,0.690571"
20500425,53281457,Virtual Ride,1,"48.860878,2.294195","51.968716,1.371882"
15173662,53754543,Ride,1,"23.859666,90.401574","44.426755,10.668582"
17838364,53754543,Ride,1,"23.859666,90.401574","-6.631342,106.904215"
35758534,53754543,Run,1,"23.859666,90.401574","23.596632,72.958559"
43811851,53754543,Ride,1,"23.859666,90.401574","13.626302,79.386497"
45729313,53754543,Ride,1,"23.859666,90.401574","23.098104,72.575656"
47358664,53754543,Ride,1,"23.859666,90.401574","27.522213,76.617208"
59765555,53754543,Ride,1,"23.859666,90.401574","49.034776,12.520106"
63144272,53754543,Ride,1,"23.859666,90.401574","40.767138,-73.980198"
65252512,53754543,Ride,1,"23.859666,90.401574","41.35863,2.03545"
17276725,54291099,Run,1,"48.965703,2.131473","48.175564,17.072484"
17838364,54291099,Run,1,"48.965703,2.131473","-6.631342,106.904215"
32833770,54291099,Long Run,1,"48.965703,2.131473","-6.923554,107.669519"
48700820,54291099,Run,1,"48.965703,2.131473","-27.594782,-48.63488"
59765555,54291099,Run,1,"48.965703,2.131473","49.034776,12.520106"
1393263,566272,Ride,5,"51.523531,-3.157154","51.683055,-3.086403"
49165714,56856752,Ride,1,"9.985011,76.250384","30.910079,75.844503"
49440736,56856752,Ride,1,"9.985011,76.250384","18.633511,73.846357"
49615879,56856752,Ride,1,"9.985011,76.250384","30.257228,75.226891"
50768504,56856752,Ride,1,"9.985011,76.250384","12.142142,75.176748"
52172855,56856752,Workout,1,"9.985011,76.250384","18.620527,73.850912"
63342021,56856752,Ride,1,"9.985011,76.250384","10.412501,76.075204"
65252512,56856752,Ride,1,"9.985011,76.250384","41.35863,2.03545"
67965418,56856752,Ride,1,"9.985011,76.250384","10.078529,76.33982"
70112119,56856752,Workout,1,"9.985011,76.250384","12.836236,77.416968"
34941159,58012585,Ride,1,"9.595409,76.526091","10.227788,76.25937"
36865838,58012585,Ride,1,"9.595409,76.526091","18.672457,72.879261"
7733163,58012585,Ride,2,"9.595409,76.526091","12.890109,77.589162"
196354,58529368,Ride,1,"-36.748995,147.145668","-36.8754,147.248641"
196354,58529368,Run,4,"-36.748995,147.145668","-36.8754,147.248641"
196354,58529368,Workout,1,"-36.748995,147.145668","-36.8754,147.248641"
11495383,58530820,Run,1,"16.505962,80.647699","30.209768,74.658014"
41905668,58530820,Run,1,"16.505962,80.647699","28.481809,77.090442"
48570568,58530820,Ride,1,"16.505962,80.647699","37.986164,-1.105562"
49615879,58530820,Run,1,"16.505962,80.647699","30.257228,75.226891"
17613505,5868171,Virtual Ride,1,"-11.692988,166.925025","-34.039738,151.119263"
6858886,5868171,Virtual Ride,1,"-11.692988,166.925025","-22.315689,-53.89198"
15173662,59765555,Ride,1,"49.034776,12.520106","44.426755,10.668582"
17276725,59765555,Run,1,"49.034776,12.520106","48.175564,17.072484"
17838364,59765555,Ride,1,"49.034776,12.520106","-6.631342,106.904215"
17838364,59765555,Run,1,"49.034776,12.520106","-6.631342,106.904215"
30932242,59765555,Ride,1,"49.034776,12.520106","-16.685372,-44.493775"
32833770,59765555,Long Run,2,"49.034776,12.520106","-6.923554,107.669519"
37008097,59765555,Walk,1,"49.034776,12.520106","18.697999,73.594158"
38410797,59765555,Race,1,"49.034776,12.520106","13.062556,77.575391"
43811851,59765555,Ride,1,"49.034776,12.520106","13.626302,79.386497"
44535592,59765555,Ride,1,"49.034776,12.520106","28.247122,76.890111"
44535592,59765555,Run,1,"49.034776,12.520106","28.247122,76.890111"
48570568,59765555,Ride,1,"49.034776,12.520106","37.986164,-1.105562"
48700820,59765555,Run,1,"49.034776,12.520106","-27.594782,-48.63488"
51757676,59765555,Walk,1,"49.034776,12.520106","36.014445,-5.624668"
53754543,59765555,Ride,1,"49.034776,12.520106","23.859666,90.401574"
54291099,59765555,Run,1,"49.034776,12.520106","48.965703,2.131473"
61076048,59765555,Ride,1,"49.034776,12.520106","37.986164,-1.105562"
63144272,59765555,Ride,1,"49.034776,12.520106","40.767138,-73.980198"
64240804,59765555,Walk,1,"49.034776,12.520106","19.886418,75.361842"
65252512,59765555,Ride,1,"49.034776,12.520106","41.35863,2.03545"
68228701,59904184,Ride,9,"12.929457,77.591965","12.916109,77.609666"
27852271,61076048,Run,1,"37.986164,-1.105562","57.804169,28.326591"
42497175,61076048,Ride,1,"37.986164,-1.105562","22.703103,75.811878"
42663280,61076048,Workout,1,"37.986164,-1.105562","2.179631,-73.787393"
42963532,61076048,Ride,2,"37.986164,-1.105562","37.93388,-1.220818"
44535592,61076048,Ride,8,"37.986164,-1.105562","28.247122,76.890111"
44535592,61076048,Workout,1,"37.986164,-1.105562","28.247122,76.890111"
48068913,61076048,Ride,1,"37.986164,-1.105562","-11.651548,166.946064"
48570568,61076048,Ride,8,"37.986164,-1.105562","37.986164,-1.105562"
59765555,61076048,Ride,1,"37.986164,-1.105562","49.034776,12.520106"
7256312,61076048,Ride,1,"37.986164,-1.105562","-23.591318,-46.781267"
63376885,62725933,Ride,5,"37.360812,-121.804319","37.360706,-121.804368"
63376885,62725933,Run,8,"37.360812,-121.804319","37.360706,-121.804368"
63376885,62725933,Walk,10,"37.360812,-121.804319","37.360706,-121.804368"
47358664,62982933,Ride,91,"27.560244,76.538053","27.522213,76.617208"
47358664,62982933,Workout,13,"27.560244,76.538053","27.522213,76.617208"
48570568,62982933,Ride,4,"27.560244,76.538053","37.986164,-1.105562"
38018324,63103670,Run,1,"22.308372,74.34751","17.996388,74.424141"
44535592,63103670,Run,1,"22.308372,74.34751","28.247122,76.890111"
10776847,63144272,Ride,1,"40.767138,-73.980198","51.400699,-0.34269"
15173662,63144272,Ride,1,"40.767138,-73.980198","44.426755,10.668582"
17838364,63144272,Ride,1,"40.767138,-73.980198","-6.631342,106.904215"
18486849,63144272,Ride,1,"40.767138,-73.980198","-8.099836,-34.892005"
25188939,63144272,Ride,1,"40.767138,-73.980198","28.58694,77.189708"
37548888,63144272,Ride,1,"40.767138,-73.980198","40.750256,-73.985473"
43811851,63144272,Ride,1,"40.767138,-73.980198","13.626302,79.386497"
44960332,63144272,Ride,1,"40.767138,-73.980198","5.563518,-0.165915"
53754543,63144272,Ride,1,"40.767138,-73.980198","23.859666,90.401574"
59765555,63144272,Ride,1,"40.767138,-73.980198","49.034776,12.520106"
65252512,63144272,Ride,1,"40.767138,-73.980198","41.35863,2.03545"
20600440,63342021,Run,1,"10.412501,76.075204","5.948996,116.048029"
44535592,63342021,Ride,1,"10.412501,76.075204","28.247122,76.890111"
50768504,63342021,Ride,1,"10.412501,76.075204","12.142142,75.176748"
56856752,63342021,Ride,1,"10.412501,76.075204","9.985011,76.250384"
67856270,63342021,Run,1,"10.412501,76.075204","26.901843,75.665524"
68151274,63342021,Ride,1,"10.412501,76.075204","37.705679,-121.947085"
68667826,63342021,Ride,1,"10.412501,76.075204","20.4911,78.1449"
62725933,63376885,Ride,5,"37.360706,-121.804368","37.360812,-121.804319"
62725933,63376885,Run,15,"37.360706,-121.804368","37.360812,-121.804319"
62725933,63376885,Walk,3,"37.360706,-121.804368","37.360812,-121.804319"
32050295,63468828,Ride,1,"31.030423,29.781819","40.313883,-3.863523"
42663280,63468828,Ride,1,"31.030423,29.781819","2.179631,-73.787393"
68151274,63468828,Ride,1,"31.030423,29.781819","37.705679,-121.947085"
37008097,64240804,Walk,1,"19.886418,75.361842","18.697999,73.594158"
43308118,64240804,Ride,1,"19.886418,75.361842","15.475657,73.808279"
48570568,64240804,Ride,1,"19.886418,75.361842","37.986164,-1.105562"
51757676,64240804,Walk,1,"19.886418,75.361842","36.014445,-5.624668"
59765555,64240804,Walk,1,"19.886418,75.361842","49.034776,12.520106"
65742269,64240804,Ride,1,"19.886418,75.361842","28.527022,77.378673"
15173662,65252512,Ride,1,"41.35863,2.03545","44.426755,10.668582"
17838364,65252512,Ride,1,"41.35863,2.03545","-6.631342,106.904215"
43811851,65252512,Ride,1,"41.35863,2.03545","13.626302,79.386497"
49440736,65252512,Ride,1,"41.35863,2.03545","18.633511,73.846357"
49615879,65252512,Ride,1,"41.35863,2.03545","30.257228,75.226891"
52172855,65252512,Workout,1,"41.35863,2.03545","18.620527,73.850912"
53754543,65252512,Ride,1,"41.35863,2.03545","23.859666,90.401574"
56856752,65252512,Ride,1,"41.35863,2.03545","9.985011,76.250384"
59765555,65252512,Ride,1,"41.35863,2.03545","49.034776,12.520106"
63144272,65252512,Ride,1,"41.35863,2.03545","40.767138,-73.980198"
43308118,65742269,Ride,1,"28.527022,77.378673","15.475657,73.808279"
48570568,65742269,Ride,1,"28.527022,77.378673","37.986164,-1.105562"
64240804,65742269,Ride,1,"28.527022,77.378673","19.886418,75.361842"
21113544,66336642,Walk,1,"48.126634,-1.295539","51.500441,-0.149711"
27852271,66336642,Walk,1,"48.126634,-1.295539","57.804169,28.326591"
32050295,66336642,Walk,1,"48.126634,-1.295539","40.313883,-3.863523"
37468550,66336642,Walk,1,"48.126634,-1.295539","48.117115,-1.35993"
38018324,66336642,Walk,1,"48.126634,-1.295539","17.996388,74.424141"
41624849,66336642,Walk,1,"48.126634,-1.295539","31.607748,74.92357"
42663280,66336642,Walk,4,"48.126634,-1.295539","2.179631,-73.787393"
42728766,66336642,Walk,1,"48.126634,-1.295539","-22.143949,-51.498484"
44535592,66336642,Walk,1,"48.126634,-1.295539","28.247122,76.890111"
68151274,66336642,Walk,1,"48.126634,-1.295539","37.705679,-121.947085"
7256312,66336642,Walk,1,"48.126634,-1.295539","-23.591318,-46.781267"
7548112,66336642,Walk,1,"48.126634,-1.295539","48.126693,-1.295372"
7256312,6658277,Ride,1,"-23.612393,-46.732554","-23.591318,-46.781267"
14538785,67856270,Run,1,"26.901843,75.665524","36.621359,127.452949"
20600440,67856270,Run,1,"26.901843,75.665524","5.948996,116.048029"
63342021,67856270,Run,1,"26.901843,75.665524","10.412501,76.075204"
49165714,67965418,Ride,1,"10.078529,76.33982","30.910079,75.844503"
56856752,67965418,Ride,1,"10.078529,76.33982","9.985011,76.250384"
32050295,68151274,Ride,1,"37.705679,-121.947085","40.313883,-3.863523"
42663280,68151274,Ride,1,"37.705679,-121.947085","2.179631,-73.787393"
63342021,68151274,Ride,1,"37.705679,-121.947085","10.412501,76.075204"
63468828,68151274,Ride,1,"37.705679,-121.947085","31.030423,29.781819"
66336642,68151274,Walk,1,"37.705679,-121.947085","48.126634,-1.295539"
59904184,68228701,Ride,6,"12.916109,77.609666","12.929457,77.591965"
59904184,68228701,Workout,3,"12.916109,77.609666","12.929457,77.591965"
17613505,6858886,Virtual Ride,1,"-22.315689,-53.89198","-34.039738,151.119263"
23500475,6858886,Ride,1,"-22.315689,-53.89198","4.169296,73.500749"
34185291,6858886,Ride,2,"-22.315689,-53.89198","34.953396,-2.351323"
5868171,6858886,Virtual Ride,1,"-22.315689,-53.89198","-11.692988,166.925025"
63342021,68667826,Workout,1,"20.4911,78.1449","10.412501,76.075204"
56856752,70112119,Workout,1,"12.836236,77.416968","9.985011,76.250384"
1010986,7082608,Virtual Ride,1,"-21.7449,166.148255","-11.654724,166.935567"
27852271,7256312,Walk,1,"-23.591318,-46.781267","57.804169,28.326591"
32050295,7256312,Walk,1,"-23.591318,-46.781267","40.313883,-3.863523"
34185291,7256312,Ride,1,"-23.591318,-46.781267","34.953396,-2.351323"
34535328,7256312,Ride,1,"-23.591318,-46.781267","14.167672,121.018848"
37468550,7256312,Walk,1,"-23.591318,-46.781267","48.117115,-1.35993"
41624849,7256312,Walk,1,"-23.591318,-46.781267","31.607748,74.92357"
42663280,7256312,Walk,1,"-23.591318,-46.781267","2.179631,-73.787393"
42695848,7256312,Ride,1,"-23.591318,-46.781267","37.992275,-1.104451"
44535592,7256312,Walk,1,"-23.591318,-46.781267","28.247122,76.890111"
44960332,7256312,Workout,1,"-23.591318,-46.781267","5.563518,-0.165915"
61076048,7256312,Workout,1,"-23.591318,-46.781267","37.986164,-1.105562"
66336642,7256312,Walk,1,"-23.591318,-46.781267","48.126634,-1.295539"
6658277,7256312,Ride,1,"-23.591318,-46.781267","-23.612393,-46.732554"
43162543,73884015,Ride,3,"53.559346,-2.507082","53.559334,-2.507034"
43162543,73884015,Run,3,"53.559346,-2.507082","53.559334,-2.507034"
1010986,7429518,Virtual Ride,1,"47.128541,0.690571","-11.654724,166.935567"
10579852,7429518,Virtual Ride,1,"47.128541,0.690571","52.050803,1.162824"
1802727,7429518,Virtual Ride,1,"47.128541,0.690571","48.179801,13.97666"
3776487,7429518,Virtual Ride,2,"47.128541,0.690571","51.484956,-0.164131"
4384646,7429518,Virtual Ride,1,"47.128541,0.690571","45.386512,11.151029"
850495,7429518,Virtual Ride,1,"47.128541,0.690571","45.6763,13.333164"
10882364,7546761,Ride,1,"-13.78517,-57.90881","-13.666665,-57.894007"
10882364,7546761,Workout,1,"-13.78517,-57.90881","-13.666665,-57.894007"
21113544,7548112,Walk,1,"48.126693,-1.295372","51.500441,-0.149711"
27852271,7548112,Walk,1,"48.126693,-1.295372","57.804169,28.326591"
32050295,7548112,Walk,1,"48.126693,-1.295372","40.313883,-3.863523"
37468550,7548112,Walk,1,"48.126693,-1.295372","48.117115,-1.35993"
38018324,7548112,Walk,1,"48.126693,-1.295372","17.996388,74.424141"
41624849,7548112,Walk,1,"48.126693,-1.295372","31.607748,74.92357"
42663280,7548112,Walk,4,"48.126693,-1.295372","2.179631,-73.787393"
42728766,7548112,Walk,1,"48.126693,-1.295372","-22.143949,-51.498484"
44535592,7548112,Walk,1,"48.126693,-1.295372","28.247122,76.890111"
66336642,7548112,Ride,2,"48.126693,-1.295372","48.126634,-1.295539"
66336642,7548112,Walk,63,"48.126693,-1.295372","48.126634,-1.295539"
68151274,7548112,Walk,1,"48.126693,-1.295372","37.705679,-121.947085"
7256312,7548112,Walk,1,"48.126693,-1.295372","-23.591318,-46.781267"
27028898,7733163,Ride,1,"12.890109,77.589162","11.665436,77.969807"
34941159,7733163,Ride,1,"12.890109,77.589162","10.227788,76.25937"
36865838,7733163,Ride,1,"12.890109,77.589162","18.672457,72.879261"
44535592,7733163,Ride,1,"12.890109,77.589162","28.247122,76.890111"
21141420,7809648,Ride,3,"-20.713586,-48.574468","-20.728334,-48.574476"
20426266,8066039,Run,76,"54.606659,-3.147885","53.599723,-2.541139"
1059089,850495,Ride,1,"45.6763,13.333164","47.259093,8.759999"
1158227,850495,Ride,1,"45.6763,13.333164","46.534864,6.956806"
1216273,850495,Race,16,"45.6763,13.333164","-11.692993,166.95779"
1216273,850495,Ride,4,"45.6763,13.333164","-11.692993,166.95779"
1477639,850495,Ride,1,"45.6763,13.333164","46.062195,-1.10098"
1636003,850495,Ride,3,"45.6763,13.333164","53.297054,-2.107143"
1802727,850495,Backcountry Ski,1,"45.6763,13.333164","48.179801,13.97666"
1802727,850495,Hike,1,"45.6763,13.333164","48.179801,13.97666"
1802727,850495,Ride,63,"45.6763,13.333164","48.179801,13.97666"
1802727,850495,Run,2,"45.6763,13.333164","48.179801,13.97666"
1802727,850495,Virtual Ride,3,"45.6763,13.333164","48.179801,13.97666"
197359,850495,Ride,1,"45.6763,13.333164","43.701467,7.322454"
287820,850495,Ride,13,"45.6763,13.333164","50.965598,3.88194"
7429518,850495,Virtual Ride,1,"45.6763,13.333164","47.128541,0.690571"
20843484,8505007,Run,1,"-24.217796,-50.93149","25.324348,55.37566"
15596297,8770809,Ride,1,"-21.8529,-46.578383","-5.935669,-36.610671"
22858079,9265559,Ride,1,"-23.953318,-46.8046","-23.342096,-46.773809"
25387817,9325094,Ride,1,"-21.131125,-48.957986","-25.610737,-49.298929"
29226017,9645515,Virtual Ride,1,"-21.744888,166.148247","49.655038,12.0168"
4479814,9645515,Virtual Ride,1,"-21.744888,166.148247","-11.66363,166.935571"
7429518,9645515,Workout,1,"-21.744888,166.148247","47.128541,0.690571"
19087491,9899989,Ride,1,"-9.801566,-49.215241","-10.315213,-48.368391"
22278352,9899989,Ride,1,"-9.801566,-49.215241","-8.288382,-48.478151"
32833770,9925591,Run,2,"51.466202,-0.298114","-6.923554,107.669519"
36963084,9925591,Run,1,"51.466202,-0.298114","48.224818,6.418454"
42753001,9925591,Run,1,"51.466202,-0.298114","51.456093,-0.331109"
49053371,9925591,Run,1,"51.466202,-0.298114","-15.809496,-47.892374"
